Janela,Motor,Concursos analisados,Media de acertos nas 20 dezenas,Media de cobertura (%),Melhor acerto,Melhor concurso,Melhor dezenas,Resultado melhor concurso,Concursos com 0 acertos,Taxa 0 acertos (%),Concursos com 1 acertos,Taxa 1 acertos (%),Concursos com 2 acertos,Taxa 2 acertos (%),Concursos com 3 acertos,Taxa 3 acertos (%),Concursos com 4 acertos,Taxa 4 acertos (%),Concursos com 5 acertos,Taxa 5 acertos (%),Concursos com 6 acertos,Taxa 6 acertos (%),Conclusao automatica
Ultimos 500,Elite 9 Expandido 20 dezenas,500,2.032,33.866667,5,2737,04 - 06 - 10 - 11 - 13 - 20 - 23 - 27 - 28 - 30 - 32 - 34 - 35 - 37 - 41 - 42 - 45 - 46 - 53 - 56,16 - 20 - 30 - 34 - 37 - 45,33,6.6,134,26.8,167,33.4,119,23.8,44,8.8,3,0.6,0,0.0,Elite 9 nao superou a selecao aleatoria de 20 dezenas.
Ultimos 500,Aleatorio 20 dezenas,500,2.036,33.933333,5,2479,01 - 03 - 04 - 05 - 10 - 16 - 17 - 18 - 20 - 21 - 23 - 27 - 31 - 35 - 36 - 39 - 41 - 47 - 52 - 58,10 - 15 - 17 - 20 - 21 - 35,29,5.8,126,25.2,190,38.0,115,23.0,33,6.6,7,1.4,0,0.0,Elite 9 nao superou a selecao aleatoria de 20 dezenas.
Ultimos 1000,Elite 9 Expandido 20 dezenas,1000,2.022,33.7,5,2110,04 - 05 - 06 - 10 - 11 - 13 - 18 - 23 - 24 - 25 - 27 - 33 - 35 - 37 - 38 - 42 - 52 - 53 - 54 - 56,05 - 10 - 12 - 18 - 25 - 33,70,7.0,266,26.6,335,33.5,237,23.7,85,8.5,7,0.7,0,0.0,Elite 9 superou a selecao aleatoria de 20 dezenas.
Ultimos 1000,Aleatorio 20 dezenas,1000,2.019,33.65,5,2148,04 - 09 - 10 - 15 - 17 - 19 - 21 - 29 - 32 - 33 - 40 - 42 - 43 - 44 - 47 - 49 - 53 - 55 - 58 - 59,08 - 15 - 32 - 33 - 58 - 59,65,6.5,272,27.2,348,34.8,224,22.4,76,7.6,15,1.5,0,0.0,Elite 9 superou a selecao aleatoria de 20 dezenas.
Toda a base,Elite 9 Expandido 20 dezenas,2964,2.019906,33.665092,6,1730,01 - 05 - 10 - 13 - 16 - 17 - 23 - 24 - 27 - 29 - 33 - 37 - 38 - 42 - 44 - 49 - 50 - 51 - 53 - 56,01 - 10 - 17 - 24 - 42 - 51,220,7.422402,767,25.877193,1014,34.210526,694,23.414305,236,7.962213,32,1.079622,1,0.033738,Elite 9 superou a selecao aleatoria de 20 dezenas.
Toda a base,Aleatorio 20 dezenas,2964,2.009447,33.490778,6,898,03 - 04 - 05 - 08 - 20 - 24 - 29 - 30 - 33 - 35 - 37 - 38 - 43 - 45 - 47 - 48 - 50 - 52 - 54 - 58,03 - 04 - 08 - 30 - 45 - 54,231,7.793522,769,25.944669,1020,34.412955,681,22.975709,214,7.219973,46,1.551957,3,0.101215,Elite 9 superou a selecao aleatoria de 20 dezenas.
